<?xml version="1.0"?>
<data grt_format="2.0">
  <value _ptr_="00000278228B7F90" type="list" content-type="object" content-struct-name="db.mgmt.ServerInstance">
    <value type="object" struct-name="db.mgmt.ServerInstance" id="{AD6CBBD7-945D-4264-9734-012766746FE8}" struct-checksum="0x367436e2">
      <link type="object" struct-name="db.mgmt.Connection" key="connection">{2F266E9B-F7EB-47EF-9AEC-74DEE0A0FE2E}</link>
      <value _ptr_="00000278241FEE60" type="dict" key="loginInfo">
        <value type="string" key="wmi.hostName"></value>
        <value type="string" key="wmi.userName"></value>
      </value>
      <value _ptr_="00000278241FE560" type="dict" key="serverInfo">
        <value type="string" key="basedir">C:\Program Files\MySQL\MySQL Server 8.0\</value>
        <value type="string" key="datadir">C:\ProgramData\MySQL\MySQL Server 8.0\Data\</value>
        <value type="string" key="errorLogFilePath">DESKTOP-27IP1SN.err</value>
        <value type="string" key="generalLogFilePath">DESKTOP-27IP1SN.log</value>
        <value type="string" key="serverVersion">8.0.36</value>
        <value type="int" key="setupPending">0</value>
        <value type="int" key="slowLogEnabled">1</value>
        <value type="string" key="slowLogFilePath">DESKTOP-27IP1SN-slow.log</value>
        <value type="string" key="sys.config.path">C:\ProgramData\MySQL\MySQL Server 8.0\my.ini</value>
        <value type="int" key="sys.config.path.lock">1</value>
        <value type="string" key="sys.config.section">mysqld</value>
        <value type="string" key="sys.mysqld.service_name">MySQL80</value>
        <value type="string" key="sys.preset">Custom</value>
        <value type="string" key="sys.sudo"></value>
        <value type="string" key="sys.system">Windows</value>
        <value type="int" key="sys.usesudo">0</value>
        <value type="int" key="sys.usesudostatus">0</value>
        <value type="int" key="windowsAdmin">1</value>
      </value>
      <value type="string" key="name">Local MySQL80</value>
    </value>
  </value>
</data>
